epoch,train_loss,val_acc,test_acc,lr
1,0.31395541922341463,79.89821882951654,84.98727735368956,0.0003
2,0.1886236899176121,86.34435962680237,93.76590330788804,0.0003
3,0.16384216920156064,79.89821882951654,84.98727735368956,0.00023249999999999999
4,0.14787877060410345,95.0381679389313,100.0,9.750000000000003e-05
5,0.13909002295188616,100.0,100.0,2.9999999999999997e-05
